Professor GUID,Similarity Score
f8a50e56-e998-4ef5-963d-40502d205a6b,94.6756660938263
9b84d819-9e5c-4be6-94eb-1e6da21b67b2,94.6756660938263
