Student GUID,Similarity Score
b9b2e50a-f6bf-4cb8-8731-4c642f27d9aa,100.0
d5311085-4a0f-4a47-aed1-9414226d8ea4,100.0
033a2648-d99d-4134-9b12-1f922d702d02,94.78502869606018
591753f1-6125-46fc-8954-5b08f91ea37d,94.1132664680481
a68525ca-8203-41b8-ab0c-fda8c84774bf,91.81650876998901
065e5463-c2c4-4b0c-87c4-2422ac5e7b29,91.13101959228516
b969f666-0a1d-42b4-9487-7d3bd6de1262,90.98682403564453
