Student GUID,Similarity Score
2e8bb391-c77b-4e79-8f67-fd6614f5335a,100.00001192092896
6fb34517-e81b-4bd5-9ca6-6c3104ab0263,94.54421997070312
